<?xml version="1.0" encoding="UTF-8"?>
<l:dependencies xmlns:l='licenses' groupId='org.jenkins-ci.plugins' artifactId='teamconcert' version='1.3.0'><l:dependency name='Team Concert Plugin' groupId='org.jenkins-ci.plugins' artifactId='teamconcert' version='1.3.0' url='https://wiki.jenkins-ci.org/display/JENKINS/Team+Concert+Plugin'><l:description>Integrates Jenkins with Rational Team Concert source control and build using the richer features of the build toolkit instead of the command line.</l:description><l:license name='Eclipse Public License v1.0' url=''/></l:dependency><l:dependency name='Apache HttpCore' groupId='org.apache.httpcomponents' artifactId='httpcore' version='4.3.2' url='http://hc.apache.org/httpcomponents-core-ga'><l:description>HttpComponents Core (blocking I/O)</l:description><l:license name='Apache License, Version 2.0' url='LICENSE.txt'/></l:dependency><l:dependency name='Apache HttpClient' groupId='org.apache.httpcomponents' artifactId='httpclient' version='4.3.3' url='http://hc.apache.org/httpcomponents-client'><l:description>HttpComponents Client</l:description><l:license name='Apache License, Version 2.0' url='LICENSE.txt'/></l:dependency><l:dependency name='com.ibm.team.build.hjplugin-rtc' groupId='com.ibm.team.build' artifactId='com.ibm.team.build.hjplugin-rtc' version='1.3.0' url=''><l:description/></l:dependency><l:dependency name='Commons Codec' groupId='commons-codec' artifactId='commons-codec' version='1.6' url='http://commons.apache.org/codec/'><l:description>The codec package contains simple encoder and decoders for
     various formats such as Base64 and Hexadecimal.  In addition to these
     widely used encoders and decoders, the codec package also maintains a
     collection of phonetic encoding utilities.</l:description><l:license name='The Apache Software License, Version 2.0' url='http://www.apache.org/licenses/LICENSE-2.0.txt'/></l:dependency></l:dependencies>